yearID,player,team,position,salary
2024,Shohei Ohtani,LAD,DH,70000000
2024,Max Scherzer,TEX,SP,43333333
2024,Justin Verlander,HOU,SP,43333333
2024,Aaron Judge,NYY,CF,40000000
2024,Jacob deGrom,TEX,SP,37000000
2024,Gerrit Cole,NYY,SP,36000000
2024,Mike Trout,LAA,CF,35541667
2024,Anthony Rendon,LAA,3B,35000000
2024,Stephen Strasburg,WSH,SP,35000000
2024,Francisco Lindor,NYM,SS,34100000
2024,Carlos Correa,MIN,SS,33333333
2024,Nolan Arenado,STL,3B,32500000
2024,Corey Seager,TEX,SS,32500000
2024,Manny Machado,SD,3B,31818182
2024,Rafael Devers,BOS,3B,31350000
2024,Blake Snell,SF,SP/SP3,31000000
2024,Juan Soto,NYY,RF,31000000
2024,Mookie Betts,LAD,SS/RF/2B,30416667
2024,Tyler Glasnow,LAD,SP,27312500
2024,Trea Turner,PHI,SS,27272727
2024,Yoshinobu Yamamoto,LAD,SP,27083333
2024,Freddie Freeman,LAD,1B,27000000
2024,Carlos Rodon,NYY,SP,27000000
2024,Christian Yelich,MIL,LF,26928571
2024,Cody Bellinger,CHC,RF/CF/1B,26666667
2024,Bobby Witt Jr.,KC,SS,26252525
2024,Kris Bryant,COL,1B/OF,26000000
2024,Paul Goldschmidt,STL,1B,26000000
2024,Xander Bogaerts,SD,2B,25454545
2024,Bryce Harper,PHI,1B,25384615
2024,Dansby Swanson,CHC,SS,25285714
2024,Sonny Gray,STL,SP,25000000
2024,Jordan Montgomery,ARI,SP,25000000
2024,Marcus Semien,TEX,2B,25000000
2024,George Springer,TOR,RF,25000000
2024,Giancarlo Stanton,NYY,DH,25000000
2024,Aaron Nola,PHI,SP/SP2,24571429
2024,Fernando Tatis Jr.,SD,RF,24285714
2024,Zack Wheeler,PHI,SP,23600000
2024,Teoscar Hernandez,LAD,LF/RF,23500000
2024,Jose Altuve,HOU,2B,23357143
2024,Javier Báez,DET,SS,23333333
2024,Patrick Corbin,WSH,SP,23333333
2024,Trevor Story,BOS,SS,23333333
2024,J.T. Realmuto,PHI,C,23100000
2024,Robbie Ray,SF,SP,23000000
2024,Kevin Gausman,TOR,SP,22000000
2024,Luis Castillo,SEA,SP,21600000
2024,Austin Riley,ATL,3B,21200000
2024,Chris Bassitt,TOR,SP,21000000
2024,Matt Olson,ATL,1B,21000000
2024,Pete Alonso,NYM,1B,20500000
2024,Salvador Perez,KC,C/1B/DH,20500000
2024,Edwin Diaz,NYM,RP,20400000
2024,Ian Happ,CHC,LF,20333333
2024,Brandon Nimmo,NYM,LF,20250000
2024,José Ramírez,CLE,3B,20142857
2024,Alex Bregman,HOU,3B,20000000
2024,Nick Castellanos,PHI,RF,20000000
2024,Charlie Morton,ATL,SP,20000000
2024,Joe Musgrove,SD,SP,20000000
2024,Anthony Rizzo,NYY,1B,20000000
2024,Eduardo Rodriguez,ARI,SP/SP1,20000000
2024,Vladimir Guerrero Jr.,TOR,1B/3B,19900000
2024,Kyle Schwarber,PHI,DH,19750000
2024,Starling Marte,NYM,RF,19500000
2024,Lucas Giolito,BOS,SP/SP2,19250000
2024,Yordan Alvarez,HOU,DH/LF,19166667
2024,Josh Hader,HOU,RP/CL,19000000
2024,Chris Sale,ATL,SP/SP2,19000000
2024,Jung Hoo Lee,SF,CF,18833333
2024,José Berríos,TOR,SP,18714286
2024,Miles Mikolas,STL,SP,18583333
2024,Marcus Stroman,NYY,SP/SP1,18500000
2024,Pablo López,MIN,SP,18375000
2024,Matt Chapman,SF,3B,18000000
2024,Michael Conforto,SF,DH,18000000
2024,Yu Darvish,SD,SP,18000000
2024,Taijuan Walker,PHI,RP,18000000
2024,Logan Webb,SF,SP,18000000
2024,Masataka Yoshida,BOS,DH,18000000
2024,Willson Contreras,STL,C,17500000
2024,Julio Rodriguez,SEA,CF,17441667
2024,Nathan Eovaldi,TEX,SP,17000000
2024,Rhys Hoskins,MIL,DH,17000000
2024,Lance McCullers,HOU,SP,17000000
2024,Seiya Suzuki,CHC,DH,17000000
2024,Jameson Taillon,CHC,SP,17000000
2024,Wander Franco,TB,SS,16545455
2024,Josh Bell,ARI,1B,16500000
2024,Marcell Ozuna,ATL,DH,16250000
2024,Kenley Jansen,BOS,RP,16000000
2024,Frankie Montas,MIL,SP/SP3,16000000
2024,Michael Wacha,KC,SP/SP5,16000000
2024,Corbin Burnes,BAL,SP/SP1,15637000
2024,Mitch Keller,PIT,SP,15400000
2024,Andres Gimenez,CLE,2B,15214286
2024,Ketel Marte,ARI,2B,15200000
2024,Andrew Benintendi,CHW,LF,15000000
2024,Jeimer Candelario,CIN,3B,15000000
2024,Max Fried,ATL,SP/SP1,15000000
2024,D.J. LeMahieu,NYY,3B,15000000
2024,Seth Lugo,KC,SP,15000000
2024,Ryan Pressly,HOU,RP,15000000
2024,Kodai Senga,NYM,SP,15000000
2024,Chris Taylor,LAD,2B,15000000
2024,Mitch Haniger,SEA,RF,14500000
2024,Raisel Iglesias,ATL,RP/CL,14500000
2024,Byron Buxton,MIN,CF,14285714
2024,Gleyber Torres,NYY,2B,14200000
2024,Jack Flaherty,LAD,SP/SP2,14000000
2024,Jon Gray,TEX,SP,14000000
2024,Lourdes Gurriel Jr.,ARI,LF,14000000
2024,Sean Manaea,NYM,SP,14000000
2024,Yoan Moncada,CHW,3B,14000000
2024,Will Smith,LAD,C,14000000
2024,Jorge Soler,ATL,RF/DH,14000000
2024,Corbin Carroll,ARI,RF,13875000
2024,Kyle Hendricks,CHC,SP,13875000
2024,Bryan Reynolds,PIT,RF,13343750
2024,Zach Eflin,BAL,SP,13333333
2024,Mark Canha,SF,1B/DH/LF,13250000
2024,Shota Imanaga,CHC,SP,13250000
2024,Shane Bieber,CLE,SP/SP1,13125000
2024,Tyler Anderson,LAA,SP,13000000
2024,Charlie Blackmon,COL,DH/RF,13000000
2024,Kyle Gibson,STL,SP/SP4,13000000
2024,Nick Martinez,CIN,SP,13000000
2024,Jose Quintana,NYM,SP,13000000
2024,Luis Severino,NYM,SP/SP3,13000000
2024,Justin Turner,SEA,DH/1B,13000000
2024,Kyle Freeland,COL,SP,12900000
2024,Cristian Javier,HOU,SP,12800000
2024,Ronald Acuña Jr.,ATL,RF,12500000
2024,Andrew Heaney,TEX,SP,12500000
2024,Jeff McNeil,NYM,2B,12500000
2024,Joc Pederson,ARI,DH,12500000
2024,Spencer Strider,ATL,SP,12500000
2024,Ross Stripling,OAK,RP,12500000
2024,Willy Adames,MIL,SS,12250000
2024,Sean Murphy,ATL,C,12166667
2024,Framber Valdez,HOU,SP/SP3,12100000
2024,Anthony DeSclafani,MIN,RP,12000000
2024,Mitch Garver,SEA,DH,12000000
2024,Yusei Kikuchi,HOU,SP,12000000
2024,Kenta Maeda,DET,RP,12000000
2024,J.D. Martinez,NYM,DH/RF,12000000
2024,Max Muncy,LAD,3B,12000000
2024,Kyle Tucker,HOU,RF,12000000
2024,Anthony Santander,BAL,RF,11700000
2024,Nico Hoerner,CHC,2B,11666667
2024,Ryan McMahon,COL,3B,11666667
2024,Rafael Montero,HOU,RP,11500000
2024,David Robertson,TEX,RP/CL,11500000
2024,Jake Cronenworth,SD,1B,11428571
2024,Sandy Alcantara,MIA,SP,11200000
2024,Bo Bichette,TOR,SS,11200000
2024,Jordan Hicks,SF,RP,11000000
2024,Lance Lynn,STL,SP/SP1,11000000
2024,Tyler Mahle,TEX,SP/SP2,11000000
2024,Steven Matz,STL,SP,11000000
2024,Taylor Rogers,SF,RP,11000000
2024,Robert Stephenson,LAA,RP/SU7,11000000
2024,Christian Walker,ARI,1B,10900000
2024,Luis Arraez,SD,1B/DH/2B,10600000
2024,Harrison Bader,NYM,CF,10500000
2024,Aroldis Chapman,PIT,RP/SU8,10500000
2024,Kevin Kiermaier,LAD,CF,10500000
2024,Jackson Chourio,MIL,LF/RF,10250000
2024,J.P. Crawford,SEA,SS,10200000
2024,James McCann,BAL,C,10150000
2024,Antonio Senzatela,COL,SP,10100000
2024,Zac Gallen,ARI,SP/SP2,10011000
2024,Alex Cobb,CLE,SP,10000000
2024,Reynaldo López,ATL,SP,10000000
2024,Germán Márquez,COL,SP/SP1,10000000
2024,Christian Vazquez,MIN,C,10000000
2024,Daniel Bard,COL,RP,9500000
2024,Manuel Margot,MIN,RF,9500000
2024,Drew Smyly,CHC,RP,9500000
2024,Eugenio Suarez,ARI,3B,9428571
2024,Robert Suarez,SD,RP/CL,9200000
2024,Brayan Bello,BOS,SP,9166667
2024,Ezequiel Tovar,COL,SS,9071429
2024,Michael Harris II,ATL,CF,9000000
2024,Merrill Kelly,ARI,SP,9000000
2024,Matt Moore,LAA,RP/SU7,9000000
2024,Hunter Greene,CIN,SP,8833333
2024,Ke'Bryan Hayes,PIT,3B,8750000
2024,Brandon Woodruff,MIL,SP/SP2,8750000
2024,Alex Verdugo,NYY,LF,8700000
2024,Joe Jimenez,ATL,RP,8666667
2024,Brandon Drury,LAA,2B,8500000
2024,Wade Miley,MIL,SP/SP2,8500000
2024,Alex Wood,OAK,SP/SP3,8500000
2024,Luis Robert Jr.,CHW,CF,8333333
2024,Tommy Edman,LAD,CF,8250000
2024,Randy Arozarena,SEA,LF,8100000
2024,Walker Buehler,LAD,SP/SP1,8025000
2024,Dylan Cease,SD,SP/SP3,8000000
2024,Yandy Diaz,TB,1B,8000000
2024,Kendall Graveman,HOU,RP,8000000
2024,Joe Kelly,LAD,RP,8000000
2024,Emilio Pagan,CIN,RP,8000000
2024,Martín Pérez,SD,SP/SP5,8000000
2024,Blake Treinen,LAD,RP,8000000
2024,Travis d'Arnaud,ATL,C,8000000
2024,Mike Yastrzemski,SF,RF,7900000
2024,Jordan Romano,TOR,RP/CL,7750000
2024,Jeffrey Springs,TB,SP,7750000
2024,Erick Fedde,STL,SP,7500000
2024,Marco Gonzales,PIT,SP,7500000
2024,Isiah Kiner-Falefa,PIT,SS/3B,7500000
2024,Nathaniel Lowe,TEX,1B,7500000
2024,Nick Pivetta,BOS,SP,7500000
2024,Matt Strahm,PHI,RP,7500000
2024,Paul Sewald,ARI,RP/CL,7350000
2024,Jose Alvarado,PHI,RP,7333333
2024,Devin Williams,MIL,RP/CL,7250000
2024,Eloy Jimenez,BAL,DH,7166667
2024,Pierce Johnson,ATL,RP/SU8,7125000
2024,Adolis García,TEX,RF,7000000
2024,Jake Junis,CIN,RP,7000000
2024,Max Kepler,MIN,RF,7000000
2024,Ha-seong Kim,SD,SS,7000000
2024,James Paxton,BOS,SP/SP2,7000000
2024,Ty France,CIN,1B,6775000
2024,Carlos Estevez,PHI,RP,6750000
2024,Chris Martin,BOS,RP,6750000
2024,Cal Quantrill,COL,SP/SP2,6550000
2024,Phil Maton,NYM,RP,6500000
2024,Josh Naylor,CLE,1B/OF,6500000
2024,Hunter Renfroe,KC,RF,6500000
2024,Trevor Williams,WSH,SP,6500000
2024,Yariel Rodriguez,TOR,RP,6400000
2024,Cedric Mullins,BAL,CF,6325000
2024,Kyle Farmer,MIN,SS,6300000
2024,Austin Hays,PHI,LF,6300000
2024,Ceddanne Rafaela,BOS,CF,6250000
2024,Keibert Ruiz,WSH,C,6250000
2024,A.J. Minter,ATL,RP,6220000
2024,Victor Caratini,HOU,C,6000000
2024,Clay Holmes,NYY,RP/CL,6000000
2024,Keynan Middleton,STL,RP,6000000
2024,Tyler O'Neill,BOS,LF,5850000
2024,Max Stassi,CHW,C,5833333
2024,Luke Jackson,ATL,RP,5750000
2024,Tommy Kahnle,NYY,RP,5750000
2024,Tanner Scott,SD,RP/SU7,5700000
2024,Daulton Varsho,TOR,CF,5650000
2024,Yuki Matsui,SD,RP,5600000
2024,Wilmer Flores,SF,1B,5500000
2024,Yimi Garcia,SEA,RP,5500000
2024,Trent Grisham,NYY,CF,5500000
2024,Jesús Luzardo,MIA,SP/SP5,5500000
2024,Miguel Rojas,LAD,SS,5500000
2024,Lane Thomas,CLE,CF,5450000
2024,Carlos Santana,MIN,1B/DH,5250000
2024,David Fletcher,ATL,SS,5200000
2024,Danny Jansen,BOS,C,5200000
2024,Jorge Polanco,SEA,2B,5150000
2024,Kyle Finnegan,WSH,RP/CL,5100000
2024,Ranger Suarez,PHI,SP,5050000
2024,Patrick Sandoval,LAA,SP/SP3,5025000
2024,Ozzie Albies,ATL,2B,5000000
2024,Joey Gallo,WSH,1B/OF,5000000
2024,Liam Hendriks,BOS,RP/CL,5000000
2024,Clayton Kershaw,LAD,SP/SP1,5000000
2024,Andrew McCutchen,PIT,DH,5000000
2024,Brooks Raley,NYM,RP,5000000
2024,Will Smith,KC,RP/CL,5000000
2024,Gregory Soto,BAL,RP,5000000
2024,Myles Straw,CLE,CF,5000000
2024,Luis Urias,SEA,3B,5000000
2024,Aaron Civale,MIL,SP/SP4,4900000
2024,Brady Singer,KC,SP/SP3,4850000
2024,Taylor Ward,LAA,LF,4800000
2024,Colt Keith,DET,2B,4773750
2024,Andrew Chafin,TEX,RP/CL,4750000
2024,Thairo Estrada,SF,2B,4700000
2024,Garrett Whitlock,BOS,SP,4687500
2024,David Bednar,PIT,RP/CL,4510000
2024,Ryan Brasier,LAD,RP,4500000
2024,Adam Frazier,KC,2B,4500000
2024,Michael Lorenzen,KC,SP,4500000
2024,Adam Ottavino,NYM,RP/SU8,4500000
2024,Colin Rea,MIL,SP,4500000
2024,Kirby Yates,TEX,RP,4500000
2024,Jonathan India,CIN,2B,4400000
2024,Luis Rengifo,LAA,2B,4400000
2024,Nicky Lopez,CHW,SS,4300000
2024,Luis Garcia,BOS,RP/SU8,4250000
2024,Chad Green,TOR,RP,4250000
2024,Chris Paddack,MIN,SP,4175000
2024,Ryan Mountcastle,BAL,1B,4137500
2024,Tom Murphy,SF,C,4125000
2024,Wandy Peralta,SD,RP/SU7,4125000
2024,Aaron Ashby,MIL,RP,4100000
2024,Logan Gilbert,SEA,SP/SP4,4050000
2024,Alec Bohm,PHI,3B,4000000
2024,Emmanuel Clase,CLE,RP,4000000
2024,Pete Fairbanks,TB,RP,4000000
2024,Austin Hedges,CLE,C,4000000
2024,Enrique Hernandez,LAD,SS/OF,4000000
2024,Brandon Lowe,TB,2B,4000000
2024,Evan Phillips,LAD,RP/CL,4000000
2024,Austin Slater,BAL,LF,4000000
2024,Ryne Stanek,NYM,RP,4000000
2024,Justin Steele,CHC,SP/SP5,4000000
2024,Chris Stratton,KC,RP,4000000
2024,Evan White,LAA,1B,4000000
2024,Nestor Cortes,NYY,SP/SP4,3950000
2024,Ryan Yarbrough,TOR,RP,3900000
2024,Ryan Helsley,STL,RP/CL,3800000
2024,José Urquidy,HOU,SP/SP5,3750000
2024,Jose Leclerc,TEX,RP,3687500
2024,Seranthony Dominguez,BAL,RP,3625000
2024,Shane McClanahan,TB,SP/SP1,3600000
2024,Austin Barnes,LAD,C,3500000
2024,Mauricio Dubon,HOU,RF,3500000
2024,Luke Maile,CIN,C,3500000
2024,Ryan O'Hearn,BAL,1B/DH/OF,3500000
2024,LaMonte Wade Jr.,SF,1B,3500000
2024,Paul Blackburn,NYM,SP,3450000
2024,Isaac Paredes,CHC,3B,3400000
2024,Shintaro Fujinami,NYM,RP,3350000
2024,Dane Dunning,TEX,SP,3325000
2024,Tony Gonsolin,LAD,SP,3325000
2024,John Means,BAL,SP/SP1,3325000
2024,Willi Castro,MIN,CF,3300000
2024,Andrew Vaughn,CHW,1B/OF,3250000
2024,Caleb Thielbar,MIN,RP,3225000
2024,Aaron Bummer,ATL,RP,3200000
2024,Brendan Rodgers,COL,2B,3200000
2024,Tyler Rogers,SF,RP/SU7,3200000
2024,Austin Gomber,COL,SP/SP4,3150000
2024,Michael King,SD,SP,3150000
2024,Scott McGough,ARI,RP,3125000
2024,Freddy Peralta,MIL,SP,3100000
2024,Josh Rojas,SEA,3B/OF/2B,3100000
2024,Jonah Heim,TEX,C,3050000
2024,David Bote,CHC,2B,3000000
2024,Mike Clevinger,CHW,SP/SP4,3000000
2024,Adam Duvall,ATL,RF,3000000
2024,Michael Kopech,LAD,RP,3000000
2024,Tommy Pham,KC,RF,3000000
2024,Michael Soroka,CHW,SP,3000000
2024,Brent Suter,CIN,RP,3000000
2024,Gary Sánchez,MIL,DH/C,3000000
2024,Dylan Moore,SEA,2B,2958333
2024,Chas McCormick,HOU,CF,2850000
2024,Lucas Sims,BOS,RP/SU8,2850000
2024,Alejandro Kirk,TOR,C,2800000
2024,Erik Swanson,TOR,RP/SU8,2750000
2024,Jose Trevino,NYY,C,2730000
2024,Santiago Espinal,CIN,3B,2725000
2024,Patrick Wisdom,CHC,3B,2725000
2024,Jason Adam,TB,RP/SU8,2700000
2024,Brusdar Graterol,LAD,RP,2700000
2024,Jorge Mateo,BAL,SS,2700000
2024,Tarik Skubal,DET,SP/SP3,2650000
2024,Andrew Kittredge,STL,RP,2630000
2024,Jazz Chisholm,NYY,3B,2625000
2024,Seth Brown,OAK,LF/1B/RF,2600000
2024,Griffin Canning,LAA,SP/SP4,2600000
2024,Leody Taveras,TEX,CF,2550000
2024,Tyler Stephenson,CIN,C,2525000
2024,Yasmani Grandal,PIT,C,2500000
2024,Jonathan Loaisiga,NYY,RP,2500000
2024,Trevor Stephan,CLE,RP,2500000
2024,Naoyuki Uwasawa,BOS,P,2500000
2024,Orlando Arcia,ATL,SS,2433333
2024,Ryan Jeffers,MIN,C,2425000
2024,Caleb Ferguson,HOU,RP/SU8,2400000
2024,Colin Poche,TB,RP/SU7,2375000
2024,Kris Bubic,KC,RP,2350000
2024,Dylan Carlson,TB,LF,2350000
2024,Hunter Harvey,KC,RP/SU8,2325000
2024,Danny Coulombe,BAL,RP,2300000
2024,JT Brubaker,NYY,SP/SP2,2275000
2024,Scott Alexander,OAK,RP,2250000
2024,Buck Farmer,CIN,RP,2250000
2024,Woo-Suk Go,MIA,RP,2250000
2024,Drew Smith,NYM,RP,2225000
2024,Jeff Hoffman,PHI,RP,2200000
2024,Kyle Higashioka,SD,C,2180000
2024,Jake Fraley,CIN,DH,2150000
2024,David Peterson,NYM,SP,2150000
2024,Trevor Richards,MIN,RP,2150000
2024,Dustin May,LAD,SP,2135000
2024,Jon Berti,NYY,2B,2125000
2024,Connor Joe,PIT,1B/RF,2125000
2024,Adbert Alzolay,CHC,RP/CL,2110000
2024,Jesús Sánchez,MIA,LF,2100000
2024,Ramon Urias,BAL,3B/SS,2100000
2024,Tyler Kinley,COL,RP,2083333
2024,Hoby Milner,MIL,RP,2050000
2024,Clarke Schmidt,NYY,SP,2025000
2024,Tyrone Taylor,NYM,CF,2025000
2024,Carlos Carrasco,CLE,SP/SP4,2000000
2024,Randal Grichuk,ARI,RF,2000000
2024,Garrett Hampson,KC,SS,2000000
2024,Daniel Hudson,LAD,RP,2000000
2024,Cole Irvin,MIN,RP,2000000
2024,Rob Refsnyder,BOS,RF,2000000
2024,Jacob Stallings,COL,C,2000000
2024,Spencer Turnbull,PHI,SP,2000000
2024,Luke Weaver,NYY,RP,2000000
2024,Jesse Winker,NYM,LF,2000000
2024,Tyler Wells,BAL,SP,1962500
2024,Tyler Alexander,TB,RP,1950000
2024,Luis Garcia,WSH,2B,1950000
2024,Mike Tauchman,CHC,CF,1950000
2024,Yency Almonte,CHC,RP,1900000
2024,James Karinchak,CLE,RP/SU8,1900000
2024,Luis Garcia,HOU,SP/SP4,1875000
2024,Andres Munoz,SEA,RP/CL,1875000
2024,Drew Rasmussen,TB,RP,1862500
2024,Randy Dobnak,MIN,RP,1850000
2024,Zack Littell,TB,SP,1850000
2024,Andrew Knizner,ARI,C,1825000
2024,Nick Madrigal,CHC,2B,1810000
2024,A.J. Puk,ARI,RP,1800000
2024,Kyle Wright,KC,SP,1800000
2024,Bryan Abreu,HOU,RP/SU7,1750000
2024,Paul DeJong,KC,3B,1750000
2024,Chris Flexen,CHW,SP,1750000
2024,Joe Ross,MIL,RP,1750000
2024,Miguel Andujar,OAK,3B,1700000
2024,Travis Jankowski,TEX,DH,1700000
2024,Jake Rogers,DET,C,1700000
2024,Edmundo Sosa,PHI,3B,1700000
2024,Jalen Beeks,PIT,RP,1675000
2024,Joey Lucchesi,NYM,SP,1650000
2024,Joel Payamps,MIL,RP,1650000
2024,Ryan Borucki,PIT,RP,1600000
2024,Triston McKenzie,CLE,SP/SP5,1600000
2024,Akil Baddoo,DET,LF,1550000
2024,Trevor Rogers,BAL,SP/SP2,1530000
2024,Genesis Cabrera,TOR,RP,1512500
2024,Tyler Beede,CLE,RP,1500000
2024,Trevor Gott,OAK,RP/SU7,1500000
2024,Robbie Grossman,KC,RF,1500000
2024,Dakota Hudson,COL,SP,1500000
2024,Jose Iglesias,NYM,3B,1500000
2024,Derek Law,WSH,RP,1500000
2024,Mark Leiter Jr.,NYY,RP/CL,1500000
2024,Dominic Leone,CHW,RP,1500000
2024,T.J. McFarland,OAK,RP,1500000
2024,Reese McGuire,BOS,C,1500000
2024,Tanner Rainey,WSH,RP,1500000
2024,Amed Rosario,CIN,SS,1500000
2024,Dillon Tate,TOR,RP,1500000
2024,Lou Trivino,NYY,RP,1500000
2024,José Ureña,TEX,RP,1500000
2024,Justin Wilson,CIN,RP,1500000
2024,D.J. Stewart,NYM,DH,1380000
2024,Jake Bauers,MIL,1B/OF,1350000
2024,Alex Kirilloff,MIN,1B/OF,1350000
2024,Edward Olivares,PIT,LF,1350000
2024,Ryan Thompson,ARI,RP,1350000
2024,Touki Toussaint,CHW,RP,1300000
2024,J.T. Chargois,SEA,RP,1285000
2024,Abraham Toro,OAK,3B,1275000
2024,Taylor Clarke,MIL,RP,1250000
2024,Brent Honeywell,LAD,RP,1250000
2024,Peter Lambert,COL,RP,1250000
2024,Justin Topa,MIN,RP/SU8,1250000
2024,Austin Voth,SEA,RP,1250000
2024,Jonathan Hernandez,SEA,RP/SU7,1245000
2024,Kevin Ginkel,ARI,RP,1225000
2024,Gavin Lux,LAD,2B,1225000
2024,Ben Gamel,HOU,LF,1200000
2024,Cionel Perez,BAL,RP,1200000
2024,Trent Thornton,SEA,RP,1200000
2024,Trey Wingenter,CHC,RP,1200000
2024,Julian Merryweather,CHC,RP,1175000
2024,John Schreiber,KC,RP/SU8,1175000
2024,Sam Hentges,CLE,RP,1162500
2024,Enyel De Los Santos,CHW,RP,1160000
2024,Alex Young,NYM,RP/SU7,1160000
2024,Josh Taylor,KC,RP,1100000
2024,Ildemaro Vargas,WSH,2B,1100000
2024,Nick Sandlin,CLE,RP,1075000
2024,Steven Okert,MIN,RP,1062500
2024,Brock Burke,LAA,RP,1035000
2024,Josh Sborz,TEX,RP,1025000
2024,Carlos Hernandez,KC,RP,1012500
2024,John King,STL,RP,1005000
2024,Nick Ahmed,SD,SS,1000000
2024,Kolby Allard,PHI,SP,1000000
2024,Chase Anderson,TEX,RP,1000000
2024,Félix Bautista,BAL,RP/CL,1000000
2024,Ty Blach,COL,SP,1000000
2024,John Brebbia,ATL,RP,1000000
2024,Nick Burdi,NYY,RP,1000000
2024,Willie Calhoun,LAA,OF,1000000
2024,Curt Casali,SF,C,1000000
2024,Diego Castillo,MIN,RP,1000000
2024,Jake Cave,COL,RF,1000000
2024,Cooper Criswell,BOS,SP,1000000
2024,Elias Diaz,SD,C,1000000
2024,Matt Duffy,TEX,3B,1000000
2024,Anthony Gose,CLE,RP,1000000
2024,Yulieski Gurriel,KC,1B,1000000
2024,Eric Haase,MIL,C,1000000
2024,Billy McKinney,PIT,OF,1000000
2024,Danny Mendick,CHW,2B/SS,1000000
2024,Kevin Newman,ARI,SS,1000000
2024,David Peralta,SD,LF,1000000
2024,Kevin Pillar,LAA,CF,1000000
2024,Jurickson Profar,SD,LF,1000000
2024,Erasmo Ramirez,TB,RP,1000000
2024,Jose Ruiz,PHI,RP,1000000
2024,Pavin Smith,ARI,OF/1B,1000000
2024,Donovan Solano,SD,DH/SS,1000000
2024,Michael Tonkin,MIN,RP,1000000
2024,Luis Torrens,NYM,C,1000000
2024,Alex Vesia,LAD,RP,1000000
2024,Jacob Webb,BAL,RP,1000000
2024,Bryse Wilson,MIL,RP,1000000
2024,Austin Nola,KC,C,975000
2024,Jake Brentz,KC,RP,950000
2024,Austin Wynns,CIN,C,950000
2024,Joe Mantiply,ARI,RP,925000
2024,José Suarez,LAA,RP,925000
2024,Ian Hamilton,NYY,RP,923050
2024,Nick Gordon,MIA,SS,900000
2024,Sam Haggerty,SEA,2B,900000
2024,Adam Kolarek,LAA,RP,900000
2024,Brock Stewart,MIN,RP,900000
2024,Ricky Vanasco,DET,RP,900000
2024,Eduard Bazardo,SEA,RP,870600
2024,Victor Gonzalez,NYY,RP,860000
2024,JoJo Romero,STL,RP,860000
2024,Dan Altavilla,KC,RP,850000
2024,Dylan Covey,PHI,RP,850000
2024,Justin Martinez,ARI,RP,850000
2024,Adrian Morejon,SD,RP,850000
2024,Jon Singleton,HOU,1B,850000
2024,Hunter Strickland,LAA,RP,850000
2024,Garrett Stubbs,PHI,C,850000
2024,Wander Suero,HOU,RP,850000
2024,Cole Sulser,TB,RP,850000
2024,Tyler Wade,SD,3B,850000
2024,Jorge Alcala,MIN,RP/SU7,845000
2024,Casey Mize,DET,SP/SP2,840000
2024,Jose Quijada,LAA,RP/SU8,840000
2024,Tejay Antone,CIN,RP,830000
2024,Keegan Akin,BAL,RP,825000
2024,Huascar Ynoa,ATL,SP/SP4,825000
2024,Anthony Volpe,NYY,SS,810100
2024,Austin Adams,OAK,RP,800000
2024,Garrett Crochet,CHW,SP,800000
2024,Sam Hilliard,COL,CF,800000
2024,Nate Pearson,CHC,RP,800000
2024,Blake Perkins,MIL,RF,800000
2024,Stone Garrett,WSH,LF/DH,798600
2024,George Kirby,SEA,SP,798600
2024,Cal Raleigh,SEA,C,795000
2024,Geraldo Perdomo,ARI,SS,786000
2024,Jeremy Pena,HOU,SS,783500
2024,Oswaldo Cabrera,NYY,LF/2B,783000
2024,Alek Manoah,TOR,SP/SP4,782500
2024,Thyago Vieira,ARI,RP,777500
2024,Hunter Brown,HOU,SP,774500
2024,Jordan Weems,WSH,RP,773500
2024,Sean Reid-Foley,NYM,RP,772750
2024,Jo Adell,LAA,RF,770000
2024,Joey Bart,PIT,C,770000
2024,Anthony Bender,MIA,RP,770000
2024,Reid Detmers,LAA,SP,770000
2024,Camilo Doval,SF,RP/CL,770000
2024,J.P. Feyereisen,LAD,RP,770000
2024,Tanner Houck,BOS,SP,770000
2024,Mickey Moniak,LAA,CF,770000
2024,James Outman,LAD,CF,770000
2024,Matt Thaiss,LAA,C/1B,770000
2024,Alek Thomas,ARI,CF,769500
2024,Yainer Diaz,HOU,C,768900
2024,Yohan Ramirez,BOS,RP,768750
2024,Bryan De La Cruz,PIT,RF,768000
2024,Bryson Stott,PHI,2B,768000
2024,J.P. France,HOU,SP,767600
2024,Jake Meyers,HOU,CF,767300
2024,Christopher Morel,TB,DH,767000
2024,William Contreras,MIL,C,766900
2024,Oswald Peraza,NYY,SS,766600
2024,Brandon Marsh,PHI,CF,766500
2024,Mitch White,MIL,RP,766400
2024,Jason Foley,DET,RP/SU8,766300
2024,Riley Greene,DET,LF,766300
2024,Tylor Megill,NYM,SP,766250
2024,Andy Ibanez,DET,2B,766100
2024,Jake McCarthy,ARI,CF,766000
2024,Matt Vierling,DET,RF,766000
2024,Spencer Torkelson,DET,1B,765700
2024,Brandon Bielak,OAK,RP,765000
2024,Johan Oviedo,PIT,SP,765000
2024,Zach McKinstry,DET,2B,764400
2024,Ryne Nelson,ARI,SP,764300
2024,Braxton Garrett,MIA,SP,764000
2024,Pablo Reyes,NYM,3B,764000
2024,Francisco Alvarez,NYM,C,762500
2024,José Cuas,PHI,RP,762000
2024,Bailey Ober,MIN,SP/SP1,761850
2024,Griffin Jax,MIN,RP/SU7,761750
2024,Connor Brogdon,LAD,RP,761000
2024,Edward Cabrera,MIA,SP,761000
2024,Kerry Carpenter,DET,DH,761000
2024,Lars Nootbaar,STL,LF,761000
2024,Will Vest,DET,RP,760700
2024,Alex Lange,DET,RP/CL,760600
2024,Tommy Henry,ARI,SP,760500
2024,Cristian Pache,MIA,CF,760500
2024,Adley Rutschman,BAL,C,760300
2024,Gabriel Moreno,ARI,C,760100
2024,Jake Burger,MIA,1B/3B/DH,760000
2024,Triston Casas,BOS,1B/3B,760000
2024,Kutter Crawford,BOS,SP,760000
2024,Bobby Dalbec,BOS,1B,760000
2024,Alexis Diaz,CIN,RP/CL,760000
2024,Jarren Duran,BOS,CF,760000
2024,Ian Gibaut,CIN,RP,760000
2024,Lucas Gilbreath,COL,RP,760000
2024,Michael Grove,LAD,RP,760000
2024,Jarred Kelenic,ATL,LF,760000
2024,Dylan Lee,ATL,RP/SU7,760000
2024,Nick Lodolo,CIN,SP,760000
2024,Sam Moll,CIN,RP/SU7,760000
2024,Penn Murfee,HOU,RP,760000
2024,Logan O'Hoppe,LAA,C,760000
2024,Jose Soriano,LAA,SP,760000
2024,Josh Winckowski,BOS,RP,760000
2024,Connor Wong,BOS,C,760000
2024,Jimmy Lambert,CHW,RP,759250
2024,Nick Fortes,MIA,C,759000
2024,Joe Ryan,MIN,SP/SP2,758850
2024,Tyler Holton,DET,RP,758300
2024,Kyle Isbel,KC,CF,758250
2024,Jose Siri,TB,CF,757800
2024,Ernie Clement,TOR,SS,757700
2024,Matt Brash,SEA,RP,757600
2024,Steven Kwan,CLE,LF,757600
2024,Garrett Acton,TB,RP,757500
2024,Josiah Gray,WSH,SP/SP3,757400
2024,Kyle Nelson,ARI,RP,757300
2024,Taylor Walls,TB,SS,757300
2024,Brendan Donovan,STL,2B,757200
2024,Michael Massey,KC,DH,757000
2024,Gavin Sheets,CHW,RF/1B/DH,756950
2024,Andre Pallante,STL,SP,756900
2024,Seby Zavala,SEA,C,756700
2024,Dean Kremer,BAL,SP/SP5,756600
2024,Trevor Megill,MIL,RP,756600
2024,Gunnar Henderson,BAL,SS,756200
2024,Josh Jung,TEX,3B,756000
2024,Jacob Waguespack,TB,SP,756000
2024,Corey Julks,CHW,CF,755700
2024,Josh Lowe,TB,RF/3B,755700
2024,Nolan Gorman,STL,2B,755550
2024,Ben Rortvedt,TB,C,755400
2024,Tanner Banks,PHI,RP,755050
2024,Javier Assad,CHC,SP,755000
2024,Ji-Hwan Bae,PIT,2B,755000
2024,Roansy Contreras,LAA,RP,755000
2024,Oneil Cruz,PIT,CF/SS,755000
2024,Jason Delay,PIT,C,755000
2024,Bailey Falter,PIT,SP,755000
2024,José Hernández,LAD,RP,755000
2024,Colin Holderman,PIT,RP/SU8,755000
2024,Dauri Moreta,PIT,RP,755000
2024,Jack Suwinski,PIT,LF,755000
2024,Austin Warren,SF,RP,755000
2024,MJ Melendez,KC,LF/C,754750
2024,Luis Campusano,SD,C,754700
2024,Kyle Bradish,BAL,SP,754500
2024,Ezequiel Duran,TEX,2B,754500
2024,Brandon Pfaadt,ARI,SP,754400
2024,Elvis Peguero,MIL,RP,754300
2024,Luke Raley,SEA,LF/1B/RF,754200
2024,Andrew Nardi,MIA,RP,754000
2024,Cole Ragans,KC,SP,753750
2024,Seth Martinez,HOU,RP,753600
2024,Cristopher Sanchez,PHI,SP,753500
2024,Gabe Speier,SEA,RP,753300
2024,Tayler Saucedo,SEA,RP,753100
2024,Huascar Brazoban,NYM,RP,753000
2024,Vinnie Pasquantino,KC,1B,752750
2024,Bryce Miller,SEA,SP,752600
2024,Ryan Weathers,MIA,SP,752600
2024,Andruw Monasterio,MIL,SS,752500
2024,CJ Abrams,WSH,SS,752400
2024,Yennier Cano,BAL,RP/SU7,752300
2024,Reese Olson,DET,SP,752300
2024,Joey Meneses,WSH,1B/DH,752000
2024,Steven Wilson,CHW,RP/SU7,751900
2024,Josh Winder,MIN,SP,751850
2024,José Caballero,TB,SS,751700
2024,Yunior Marte,PHI,RP,751500
2024,Michael Rucker,WSH,RP,751500
2024,Maikel Garcia,KC,2B,751250
2024,Eli Morgan,CLE,RP,751200
2024,Riley Adams,WSH,C,750900
2024,Zack Thompson,STL,SP,750850
2024,Tom Cosgrove,SD,RP,750500
2024,Bryan Hoeing,SD,RP,750500
2024,Alec Burleson,STL,DH,750050
2024,Graham Ashcraft,CIN,SP,750000
2024,Sam Bachman,LAA,P,750000
2024,Brett Baty,NYM,3B,750000
2024,Will Benson,CIN,RF,750000
2024,Osvaldo Bido,OAK,SP,750000
2024,Jonah Bride,MIA,1B,750000
2024,Fernando Cruz,CIN,RP,750000
2024,Daniel Duarte,MIN,RP,750000
2024,Scott Effross,NYY,RP,750000
2024,Lucas Erceg,KC,RP,750000
2024,Stuart Fairchild,CIN,OF,750000
2024,Matt Foster,CHW,RP,750000
2024,T.J. Friedl,CIN,CF,750000
2024,Luis Gil,NYY,SP,750000
2024,Zach Jackson,OAK,RP/SU8,750000
2024,Dany Jimenez,OAK,RP,750000
2024,Max Kranick,NYM,SP,750000
2024,Ben Lively,CLE,SP,750000
2024,Rafael Marchán,PHI,C,750000
2024,Nick Martini,CIN,DH,750000
2024,Nick Mears,MIL,RP,750000
2024,Max Meyer,MIA,SP,750000
2024,Bobby Miller,LAD,SP,750000
2024,Zach Neto,LAA,SS,750000
2024,Cody Poteet,NYY,SP,750000
2024,Brent Rooker,OAK,DH,750000
2024,Gregory Santos,SEA,RP,750000
2024,Nolan Schanuel,LAA,1B,750000
2024,Tayler Scott,HOU,RP,750000
2024,Brian Serven,TOR,C,750000
2024,Emmet Sheehan,LAD,P,750000
2024,Chase Silseth,LAA,SP,750000
2024,Spencer Steer,CIN,LF/3B,750000
2024,Michael Stefanic,LAA,2B,750000
2024,Forrest Wall,BAL,OF,750000
2024,Austin Wells,NYY,C,750000
2024,Guillo Zuniga,LAA,RP,750000
2024,Ronel Blanco,HOU,SP,749800
2024,Drey Jameson,ARI,RP,749700
2024,MacKenzie Gore,WSH,SP,749600
2024,Wilyer Abreu,BOS,RF,749500
2024,Josh H. Smith,TEX,DH,749500
2024,Cole Sands,MIN,RP,749450
2024,Luis Patino,SD,SP/SP5,749400
2024,Mason Thompson,WSH,RP,749200
2024,Bryan Woo,SEA,SP,749000
2024,Mike Baumann,MIA,RP,748900
2024,Cody Bradford,TEX,RP,748500
2024,Estevan Florial,CLE,CF,748500
2024,Oliver Ortega,HOU,RP,748500
2024,Luis Frias,TOR,RP,748300
2024,Grayson Rodriguez,BAL,SP,748300
2024,Angel Zerpa,KC,RP,748250
2024,Brice Turang,MIL,2B,748200
2024,Bowden Francis,TOR,SP,748000
2024,Eury Pérez,MIA,SP,748000
2024,Patrick Bailey,SF,C,747500
2024,Tristan Beck,SF,RP,747500
2024,Henry Davis,PIT,C,747500
2024,Carmen Mlodzinski,PIT,RP,747500
2024,Luis Ortiz,PIT,SP,747500
2024,Ryan Walker,SF,RP,747500
2024,Jordan Walker,STL,RF,747450
2024,Parker Mushinski,HOU,RP,747400
2024,Abner Uribe,MIL,RP,747400
2024,Zack Short,ATL,3B,747300
2024,Collin Snider,SEA,RP,747300
2024,Jhoan Duran,MIN,RP/CL,747200
2024,Matthew Liberatore,STL,RP,747200
2024,Nelson Velazquez,KC,DH/OF,747000
2024,Garrett Cleavinger,TB,RP,746900
2024,Parker Meadows,DET,CF,746900
2024,Edouard Julien,MIN,2B,746750
2024,Joey Wentz,PIT,RP,746700
2024,Pedro Avila,CLE,RP,746600
2024,Alex Faedo,DET,RP,746600
2024,Miguel Amaya,CHC,C,746500
2024,Sal Frelick,MIL,RF,746500
2024,Grant Anderson,TEX,RP,746000
2024,Isaiah Campbell,BOS,RP,746000
2024,Tucupita Marcano,SD,SS,746000
2024,Miles Mastrobuoni,CHC,LF,746000
2024,George Soriano,MIA,RP,746000
2024,Vidal Brujan,MIA,2B,745800
2024,Jasson Domínguez,NYY,OF,745800
2024,Jordan Westburg,BAL,2B,745800
2024,James McArthur,KC,RP/CL,745750
2024,Jose Azocar,NYM,OF,745700
2024,Tanner Bibee,CLE,SP,745700
2024,Royce Lewis,MIN,3B,745700
2024,Jake Irvin,WSH,SP,745600
2024,Matt Wallner,MIN,DH,745550
2024,Louie Varland,MIN,SP,745400
2024,Richard Palacios,TB,DH,745200
2024,René Pinto,TB,C,745100
2024,Nick Allen,OAK,SS,745000
2024,Jake Bird,COL,RP/SU7,745000
2024,J.J. Bleday,OAK,CF,745000
2024,Evan Carter,TEX,LF,745000
2024,Ryan Feltner,COL,SP,745000
2024,Jared Jones,PIT,SP,745000
2024,Nolan Jones,COL,LF/3B,745000
2024,Shea Langeliers,OAK,C,745000
2024,Justin Lawrence,COL,RP/CL,745000
2024,Korey Lee,CHW,C,745000
2024,Elehuris Montero,COL,3B,745000
2024,Ryan Noda,OAK,1B,745000
2024,Endy Rodríguez,PIT,C,745000
2024,Johan Rojas,PHI,CF,745000
2024,Esteury Ruiz,OAK,LF,745000
2024,Ryder Ryan,PIT,RP,745000
2024,Jesse Scholtens,CHW,SP,745000
2024,JP Sears,OAK,SP,745000
2024,Hunter Stratton,PIT,RP,745000
2024,Freddy Tarnok,PHI,SP,745000
2024,Jared Triolo,PIT,3B,745000
2024,Ken Waldichuk,OAK,SP,745000
2024,Alika Williams,PIT,SS,745000
2024,Will Brennan,CLE,RF,744900
2024,Ryan Pepiot,TB,SP,744900
2024,Davis Schneider,TOR,3B,744900
2024,Alec Marsh,KC,SP,744750
2024,Zack Weiss,MIN,RP,744550
2024,Freddy Fermin,KC,C,744500
2024,Xzavion Curry,MIA,RP,744400
2024,Eguy Rosario,SD,SS,744400
2024,Logan Allen,CLE,SP,744300
2024,Garrett Mitchell,MIL,CF,744300
2024,D.L. Hall,MIL,RP,744200
2024,Gabriel Arias,CLE,SS,744100
2024,Luis Ortiz,PHI,RP,744000
2024,Dairon Blanco,KC,OF,743750
2024,Kyle Harrison,SF,SP,743750
2024,Sean Hjelle,SF,RP,743750
2024,Keaton Winn,SF,SP,743750
2024,Dominic Canzone,SEA,RF,743700
2024,Shane Baz,TB,SP,743600
2024,Sawyer Gipson-Long,DET,P,743600
2024,Bryce Jarvis,ARI,RP,743600
2024,Ronny Mauricio,NYM,SS,743500
2024,Chris Murphy,BOS,P,743500
2024,Enmanuel Valdez,BOS,2B,743500
2024,Greg Weissert,BOS,RP,743500
2024,Taj Bradley,TB,SP,743300
2024,McKinley Moore,NYY,P,743250
2024,Iván Herrera,STL,C,743150
2024,José Ferrer,WSH,RP,743000
2024,Jackson Kowar,SEA,SP,743000
2024,Yerry Rodriguez,TOR,RP,743000
2024,Dominic Fletcher,CHW,RF,742900
2024,Jonathan Aranda,TB,1B,742800
2024,Colton Cowser,BAL,LF,742800
2024,Robert Garcia,WSH,RP,742800
2024,Nick Vespi,BAL,RP,742700
2024,Andrew Abbott,CIN,SP,742500
2024,Elly De La Cruz,CIN,SS,742500
2024,Kyle Hurt,LAD,RP,742500
2024,Orion Kerkering,PHI,RP,742500
2024,Matt McLain,CIN,SS,742500
2024,Gavin Stone,LAD,SP,742500
2024,Bubba Thompson,CIN,OF,742500
2024,Brandon Williamson,CIN,SP,742500
2024,Jonny DeLuca,TB,OF,742400
2024,Curtis Mead,TB,3B,742300
2024,Bennett Sousa,HOU,RP,742300
2024,Masyn Winn,STL,SS,742250
2024,Drew Rom,STL,P,742200
2024,Grae Kessinger,HOU,SS,742100
2024,Bo Naylor,CLE,C,742100
2024,Gavin Williams,CLE,SP,742100
2024,Declan Cronin,MIA,RP,742000
2024,Brenton Doyle,COL,CF/OF,742000
2024,Tyler Freeman,CLE,SS,742000
2024,Vaughn Grissom,BOS,SS,742000
2024,Sixto Sanchez,MIA,RP,742000
2024,Michael Toglia,COL,RF,742000
2024,Victor Vodnik,COL,RP,742000
2024,Nick Loftin,KC,SS,741900
2024,Tyler Fitzgerald,SF,SS,741875
2024,Ethan Small,SF,RP,741875
2024,Matt Waldron,SD,SP,741800
2024,Bryan Hudson,MIL,RP,741700
2024,Mike Siani,STL,CF,741650
2024,Shawn Dubin,HOU,RP,741600
2024,Michael Busch,CHC,1B,741500
2024,Joey Ortiz,MIL,3B,741500
2024,Jordan Wicks,CHC,SP,741500
2024,Emerson Hancock,SEA,SP,741300
2024,Jahmai Jones,NYY,2B,741200
2024,Cody Bolton,SEA,RP,741100
2024,David Fry,CLE,C,741000
2024,Jacob Latz,TEX,RP,741000
2024,Tim Herrin,CLE,RP,740800
2024,Hunter Gaddis,CLE,RP,740700
2024,Deivi Garcia,CHW,RP,740550
2024,Caleb Kilian,CHC,SP,740500
2024,Luke Little,CHC,RP,740500
2024,Josh Simpson,MIA,P,740500
2024,Riley O'Brien,STL,RP,740450
2024,Braden Shewmake,CHW,SS,740350
2024,Cade Cavalli,WSH,SP,740200
2024,Brayan Rocchio,CLE,SS,740200
2024,Luisangel Acuna,NYM,SS,740000
2024,Jordyn Adams,LAA,OF,740000
2024,Joan Adon,WSH,SP,740000
2024,Julian Aguiar,CIN,SP,740000
2024,Kevin Alcantara,CHC,OF,740000
2024,Samuel Aldegheri,LAA,SP,740000
2024,Blaze Alexander,ARI,SS,740000
2024,C.J. Alexander,OAK,3B,740000
2024,Logan Allen,ARI,RP,740000
2024,Armando Alvarez,OAK,3B,740000
2024,Eddy Alvarez,NYM,2B,740000
2024,Ignacio Alvarez,ATL,3B,740000
2024,Adael Amador,COL,SS,740000
2024,Jacob Amaya,CHW,SS,740000
2024,Justin Anderson,CHW,RP,740000
2024,Shaun Anderson,MIA,RP,740000
2024,Matt Andriese,MIA,RP,740000
2024,Spencer Arrighetti,HOU,SP,740000
2024,Lake Bachar,MIA,RP,740000
2024,Bryan Baker,BAL,RP/SU8,740000
2024,Darren Baker,WSH,2B,740000
2024,Luken Baker,STL,1B,740000
2024,Brooks Baldwin,CHW,3B,740000
2024,Anthony Banda,LAD,RP,740000
2024,David Banuelos,BAL,C,740000
2024,Addison Barger,TOR,3B,740000
2024,Jacob Barnes,WSH,RP,740000
2024,Jorge Barrosa,ARI,OF,740000
2024,Brady Basso,OAK,RP,740000
2024,Matthew Batten,SD,SS,740000
2024,Jordan Beck,COL,OF,740000
2024,Clayton Beeter,NYY,RP,740000
2024,Valente Bellozo,MIA,SP,740000
2024,Jonathan Bermúdez,MIA,RP,740000
2024,Brennan Bernardino,BOS,RP,740000
2024,Prelander Berroa,CHW,RP,740000
2024,Steward Berroa,TOR,OF,740000
2024,Christian Bethancourt,CHC,C,740000
2024,Phil Bickford,NYY,RP,740000
2024,Hunter Bigge,TB,RP,740000
2024,Cavan Biggio,ATL,2B,740000
2024,Hayden Birdsong,SF,SP,740000
2024,Spencer Bivens,SF,RP,740000
2024,Mason Black,SF,SP,740000
2024,Tyler Black,MIL,2B,740000
2024,Bradley Blalock,COL,SP,740000
2024,Travis Blankenhorn,WSH,3B,740000
2024,Scott Blewett,MIN,RP,740000
2024,Ryan Bliss,SEA,SS,740000
2024,Jake Bloss,TOR,SP,740000
2024,Cam Booser,BOS,RP,740000
2024,Jacob Bosiokovic,STL,RP,740000
2024,Sean Bouchard,COL,RF/1B,740000
2024,Caleb Boushley,MIN,SP,740000
2024,Jonathan Bowlan,KC,RP,740000
2024,Matt Bowman,BAL,RP,740000
2024,Matthew Boyd,CLE,SP/SP1,740000
2024,Joe Boyle,OAK,RP,740000
2024,Rob Brantly,TB,C,740000
2024,Colten Brewer,CHC,RP,740000
2024,Beau Brieske,DET,RP,740000
2024,Jhony Brito,SD,SP,740000
2024,Aaron Brooks,OAK,SP,740000
2024,Trenton Brooks,SF,1B,740000
2024,Ben Brown,CHC,RP,740000
2024,Justin Bruihl,PIT,RP,740000
2024,Zach Brzykcy,WSH,RP,740000
2024,David Buchanan,CIN,RP,740000
2024,J.B. Bukauskas,MIL,RP,740000
2024,Raymond Burgos,SF,RP,740000
2024,Sean Burke,CHW,SP,740000
2024,Ryan Burr,TOR,RP,740000
2024,Michael Burrows,PIT,SP,740000
2024,Alan Busenitz,CIN,RP,740000
2024,Ky Bush,CHW,SP,740000
2024,Lawrence Butler,OAK,RF,740000
2024,Jose Butto,NYM,RP,740000
2024,Trey Cabbage,HOU,3B,740000
2024,Alex Call,WSH,LF,740000
2024,Jair Camargo,MIN,C,740000
2024,Daz Cameron,OAK,LF,740000
2024,Junior Caminero,TB,3B,740000
2024,Gustavo Campero,LAA,OF,740000
2024,Alexander Canario,CHC,OF,740000
2024,Jonathan Cannon,CHW,SP,740000
2024,Joey Cantillo,CLE,SP,740000
2024,Conner Capel,CIN,RF,740000
2024,Vinny Capra,MIL,SS,740000
2024,Matt Carpenter,STL,DH,740000
2024,Ben Casparius,LAD,RP,740000
2024,Humberto Castellanos,ARI,RP,740000
2024,Diego A. Castillo,MIN,2B,740000
2024,Rodolfo Castro,PHI,SS,740000
2024,Slade Cecconi,ARI,RP,740000
2024,Andres Chaparro,WSH,DH,740000
2024,Jesse Chavez,ATL,RP,740000
2024,Yonny Chirinos,MIA,SP,740000
2024,Angel Chivilli,COL,RP,740000
2024,Marc Church,TEX,RP,740000
2024,Jonatan Clase,TOR,OF,740000
2024,Kody Clemens,PHI,2B,740000
2024,Carson Coleman,TEX,P,740000
2024,Isaac Collins,MIL,2B,740000
2024,Griffin Conine,MIA,RF,740000
2024,Luis Contreras,HOU,RP,740000
2024,Billy Cook,PIT,OF,740000
2024,Jake Cousins,NYY,RP,740000
2024,Dylan Crews,WSH,RF,740000
2024,Jeff Criswell,COL,RP,740000
2024,Hans Crouse,LAA,RP,740000
2024,Pete Crow-Armstrong,CHC,CF,740000
2024,Steven Cruz,KC,RP,740000
2024,John Curtiss,COL,RP,740000
2024,Kelvin Cáceres,LAA,RP,740000
2024,Caden Dana,LAA,SP,740000
2024,Davis Daniel,LAA,SP,740000
2024,Tucker Davidson,BAL,RP,740000
2024,Brennen Davis,CHC,OF,740000
2024,Noah Davis,COL,RP,740000
2024,Luis De Los Santos,TOR,SS,740000
2024,Zach DeLoach,CHW,OF,740000
2024,Adrian Del Castillo,ARI,C,740000
2024,José Devers,MIA,SS,740000
2024,Zach Dezenzo,HOU,SS,740000
2024,Jhonathan Diaz,SEA,RP,740000
2024,Yilber Diaz,ARI,SP,740000
2024,Dillon Dingler,DET,C,740000
2024,Dylan Dodd,ATL,SP,740000
2024,Logan Driscoll,TB,C,740000
2024,Shane Drohan,BOS,P,740000
2024,Blake Dunn,CIN,OF,740000
2024,Oliver Dunn,MIL,2B,740000
2024,Parker Dunshee,ATL,RP,740000
2024,Jake Eder,CHW,SP,740000
2024,C.J. Edwards,SD,RP/SU7,740000
2024,Xavier Edwards,MIA,SS,740000
2024,Brandon Eisert,TOR,RP,740000
2024,Bryce Elder,ATL,SP,740000
2024,Fraser Ellard,CHW,RP,740000
2024,Duke Ellis,NYY,OF,740000
2024,Kent Emanuel,MIA,RP,740000
2024,Jerar Encarnacion,SF,OF,740000
2024,Christian Encarnacion-Strand,CIN,1B,740000
2024,Mason Englert,DET,RP,740000
2024,Paolo Espino,TOR,RP,740000
2024,Joey Estes,OAK,SP,740000
2024,Jeremiah Estrada,SD,RP,740000
2024,Sandro Fabian,TEX,OF,740000
2024,Calvin Faucher,MIA,RP,740000
2024,Hunter Feduccia,LAD,C,740000
2024,Brady Feigl,PIT,RP,740000
2024,Tyler Ferguson,OAK,RP,740000
2024,Jose Fermin,STL,2B,740000
2024,Ryan Fernandez,STL,RP,740000
2024,David Festa,MIN,SP,740000
2024,Matt Festa,TEX,RP,740000
2024,Richard Fitts,BOS,SP,740000
2024,Justin Foscue,TEX,2B,740000
2024,Carson Fulmer,LAA,SP,740000
2024,Kody Funderburk,MIN,RP,740000
2024,Matt Gage,NYM,RP,740000
2024,Gerson Garabito,TEX,RP,740000
2024,Aramis Garcia,PHI,C,740000
2024,Reed Garrett,NYM,RP,740000
2024,Mickey Gasper,BOS,1B,740000
2024,Robert Gasser,MIL,SP,740000
2024,Zack Gelof,OAK,2B,740000
2024,Tyler Gentry,KC,OF,740000
2024,Domingo German,PIT,RP,740000
2024,Tyler Gilbert,PHI,RP,740000
2024,Logan Gillaspie,SD,RP,740000
2024,Connor Gillispie,CLE,RP,740000
2024,J.T. Ginn,OAK,SP,740000
2024,Yoendrys Gomez,NYY,SP,740000
2024,Nick Gonzales,PIT,2B,740000
2024,Romy Gonzalez,BOS,3B,740000
2024,Hunter Goodman,COL,RF,740000
2024,Tanner Gordon,COL,SP,740000
2024,Gordon Graceffo,STL,RP,740000
2024,Tristan Gray,OAK,SS,740000
2024,Sean Guenther,DET,RP,740000
2024,Luis Guerrero,BOS,RP,740000
2024,Luis Guillorme,ARI,2B,740000
2024,Ryan Gusto,HOU,SP,740000
2024,Seth Halvorsen,COL,RP,740000
2024,David Hamilton,BOS,SS,740000
2024,Brenan Hanifee,DET,RP,740000
2024,Brett Harris,OAK,3B,740000
2024,Dustin Harris,TEX,3B,740000
2024,Hogan Harris,OAK,RP,740000
2024,Geoff Hartlieb,COL,RP,740000
2024,Grant Hartwig,NYM,RP,740000
2024,Brent Headrick,MIN,RP,740000
2024,Tyler Heineman,TOR,C,740000
2024,Ben Heller,PIT,RP,740000
2024,Michael Helman,MIN,2B,740000
2024,Blair Henley,HOU,SP,740000
2024,Edgardo Henriquez,LAD,RP,740000
2024,Ronny Henriquez,MIN,RP,740000
2024,David Hensley,MIA,1B,740000
2024,Jimmy Herget,CHC,RP,740000
2024,Kevin Herget,MIL,RP,740000
2024,Darell Hernaiz,OAK,SS,740000
2024,Nick Hernandez,HOU,RP,740000
2024,Daysbel Hernández,ATL,RP,740000
2024,Jose Herrera,ARI,C,740000
2024,DJ Herz,WSH,SP,740000
2024,Jason Heyward,HOU,RF/CF,740000
2024,Brewer Hicklen,MIL,OF,740000
2024,Derek Hill,MIA,OF,740000
2024,Jaden Hill,COL,RP,740000
2024,Tim Hill,NYY,RP,740000
2024,Rece Hinds,CIN,RF,740000
2024,Keston Hiura,LAA,2B,740000
2024,Porter Hodge,CHC,RP,740000
2024,Jackson Holliday,BAL,2B,740000
2024,Gavin Hollowell,CHC,RP,740000
2024,Grant Holman,OAK,RP,740000
2024,Grant Holmes,ATL,RP,740000
2024,Bailey Horn,BOS,RP,740000
2024,Spencer Horwitz,TOR,1B/2B,740000
2024,Spencer Howard,CLE,SP,740000
2024,Joe Hudson,NYM,C,740000
2024,Sam Huff,TEX,C,740000
2024,Brandon Hughes,ARI,RP,740000
2024,Cooper Hummel,HOU,LF/C,740000
2024,Blake Hunt,BAL,C,740000
2024,Brant Hurter,DET,SP,740000
2024,Jacob Hurtubise,CIN,OF,740000
2024,Kolton Ingram,SF,RP,740000
2024,Jairo Iriarte,CHW,RP,740000
2024,Alex Jackson,TB,C/OF,740000
2024,Alek Jacob,SD,RP,740000
2024,Joe Jacques,ARI,RP,740000
2024,Tyler Jay,MIL,RP,740000
2024,Daulton Jefferies,PIT,SP,740000
2024,Leonardo Jimenez,TOR,SS,740000
2024,Jackson Jobe,DET,RP,740000
2024,Bryce Johnson,SD,CF,740000
2024,Daniel Johnson,BAL,RF,740000
2024,Seth Johnson,PHI,SP,740000
2024,Greg Jones,COL,SS,740000
2024,Levi Jordan,CIN,SS,740000
2024,Ben Joyce,LAA,RP,740000
2024,Jace Jung,DET,3B,740000
2024,Janson Junk,OAK,RP,740000
2024,Evan Justice,COL,RP,740000
2024,Niko Kavadas,LAA,1B,740000
2024,DaShawn Keirsey,MIN,OF,740000
2024,Casey Kelly,CIN,RP,740000
2024,Kevin Kelly,TB,RP,740000
2024,Michael Kelly,OAK,RP,740000
2024,Zack Kelly,BOS,RP,740000
2024,Brett Kennedy,CIN,SP,740000
2024,Buddy Kennedy,PHI,3B,740000
2024,Zak Kent,CLE,P,740000
2024,Ray Kerr,ATL,RP,740000
2024,Bryan King,HOU,RP,740000
2024,Austin Kitchen,SEA,RP,740000
2024,Heston Kjerstad,BAL,OF,740000
2024,Will Klein,OAK,RP,740000
2024,Adam Kloffenstein,STL,RP,740000
2024,Landon Knack,LAD,SP,740000
2024,Andrew Knapp,SF,C,740000
2024,Grant Koch,PIT,C,740000
2024,Matt Koch,COL,RP,740000
2024,Jack Kochanowicz,LAA,SP,740000
2024,Jared Koenig,MIL,RP,740000
2024,Stephen Kolek,SD,RP,740000
2024,Evan Kravetz,CIN,RP,740000
2024,Ryan Kreidler,DET,SS,740000
2024,Brooks Kriske,BAL,P,740000
2024,Matt Krook,BAL,RP,740000
2024,Joel Kuhnel,TB,RP,740000
2024,Joe La Sorsa,WSH,RP,740000
2024,Wyatt Langford,TEX,LF,740000
2024,Trevor Larnach,MIN,LF,740000
2024,Ramon Laureano,ATL,LF,740000
2024,Max Lazar,PHI,RP,740000
2024,Kyle Leahy,STL,RP,740000
2024,Jordan Leasure,CHW,RP,740000
2024,Charles Leblanc,LAA,SS,740000
2024,Brooks Lee,MIN,SS,740000
2024,Casey Legumina,CIN,P,740000
2024,Brandon Leibrandt,CIN,SP,740000
2024,Jack Leiter,TEX,SP,740000
2024,Pedro León,HOU,OF,740000
2024,Jeff Lindgren,MIA,RP,740000
2024,Trey Lipscomb,WSH,3B,740000
2024,Brendon Little,TOR,RP,740000
2024,Tyler Locklear,SEA,1B,740000
2024,Brandon Lockridge,SD,OF,740000
2024,Zach Logue,LAD,RP,740000
2024,Sam Long,KC,RP,740000
2024,Joey Loperfido,TOR,LF,740000
2024,Jacob Lopez,TB,RP,740000
2024,Otto Lopez,MIA,SS,740000
2024,Ryan Loutos,STL,RP,740000
2024,Richard Lovelady,TB,RP,740000
2024,Rhett Lowder,CIN,SP,740000
2024,Easton Lucas,TOR,RP,740000
2024,Marco Luciano,SF,SS,740000
2024,Nathan Lukes,TOR,CF,740000
2024,Daniel Lynch,KC,RP,740000
2024,Jack López,LAA,SS,740000
2024,Jorge López,CHC,RP/SU8,740000
2024,Josh Maciejewski,NYY,RP,740000
2024,Ty Madden,DET,SP,740000
2024,Bligh Madris,DET,OF,740000
2024,Anthony Maldonado,MIA,RP,740000
2024,Justyn-Henry Malloy,DET,DH,740000
2024,Matt Manning,DET,SP/SP4,740000
2024,Kyle Manzardo,CLE,DH,740000
2024,Ron Marinaccio,CHW,RP,740000
2024,Cade Marlowe,SEA,LF,740000
2024,Jose Marte,LAA,RP,740000
2024,Noelvi Marte,CIN,SS,740000
2024,Austin Martin,MIN,SS,740000
2024,Corbin Martin,BAL,RP,740000
2024,Davis Martin,CHW,SP,740000
2024,Angel Martinez,CLE,DH,740000
2024,J.P. Martinez,ATL,OF,740000
2024,Orelvis Martinez,TOR,SS,740000
2024,Bryan Mata,BOS,SP,740000
2024,Nick Maton,BAL,3B/SS,740000
2024,Luis Matos,SF,OF,740000
2024,Zebby Matthews,MIN,SP,740000
2024,Isaac Mattson,PIT,RP,740000
2024,Coby Mayo,BAL,3B,740000
2024,Tim Mayza,NYY,RP,740000
2024,Adam Mazur,MIA,SP,740000
2024,Kyle McCann,OAK,C,740000
2024,Darren McCaughan,MIA,RP,740000
2024,Mason McCoy,SD,SS,740000
2024,Grant McCray,SF,CF,740000
2024,Chayce McDermott,BAL,SP,740000
2024,Trevor McDonald,SF,SP,740000
2024,Michael McGreevy,STL,SP,740000
2024,John McMillon,MIA,RP,740000
2024,Victor Mederos,LAA,RP,740000
2024,Luis Medina,OAK,SP,740000
2024,James Meeker,MIL,RP,740000
2024,Cristian Mena,ARI,RP,740000
2024,Michael Mercado,PHI,RP,740000
2024,Whit Merrifield,ATL,2B/RF,740000
2024,Jackson Merrill,SD,CF,740000
2024,Matt Mervis,CHC,1B,740000
2024,Drew Millas,WSH,C,740000
2024,Erik Miller,SF,RP,740000
2024,Mason Miller,OAK,RP/CL,740000
2024,Owen Miller,MIL,SS,740000
2024,Ryan Miller,LAA,RP,740000
2024,Tyson Miller,CHC,RP,740000
2024,Jose Miranda,MIN,3B,740000
2024,Anthony Misiewicz,NYY,RP,740000
2024,Kameron Misner,TB,CF,740000
2024,Anthony Molina,COL,RP,740000
2024,Keider Montero,DET,SP,740000
2024,Mason Montgomery,TB,SP,740000
2024,Cody Morris,NYY,RP,740000
2024,Kyle Muller,OAK,RP,740000
2024,Roddery Munoz,MIA,SP,740000
2024,Dane Myers,MIA,OF,740000
2024,Tobias Myers,MIL,SP,740000
2024,Tommy Nance,TOR,RP,740000
2024,Carlos Narvaez,NYY,C,740000
2024,Nick Nastrini,CHW,SP,740000
2024,Jack Neely,CHC,RP,740000
2024,Nick Nelson,PHI,RP,740000
2024,Hector Neris,HOU,RP/SU8,740000
2024,Tyler Nevin,OAK,1B/OF/3B,740000
2024,Kyle Nicolas,PIT,RP,740000
2024,Jhonkensy Noel,CLE,RF,740000
2024,Connor Norby,MIA,2B,740000
2024,Dedniel Nunez,NYM,RP,740000
2024,Nasim Nunez,WSH,SS,740000
2024,Jack O'Loughlin,OAK,RP,740000
2024,Adam Oller,MIA,SP,740000
2024,Jonathan Ornelas,TEX,SS,740000
2024,Kaleb Ort,HOU,RP,740000
2024,Rafael Ortega,CHW,DH/CF,740000
2024,Eric Orze,NYM,RP,740000
2024,Michel Otanez,OAK,RP,740000
2024,Andy Pages,LAD,OF,740000
2024,Pedro Pages,STL,C,740000
2024,Joshua Palacios,PIT,CF,740000
2024,Daniel Palencia,CHC,RP,740000
2024,Enoli Paredes,CHC,RP,740000
2024,Kyren Paris,LAA,SS,740000
2024,Mitchell Parker,WSH,SP,740000
2024,Graham Pauley,MIA,3B,740000
2024,Liover Peguero,PIT,SS,740000
2024,Walter Pennington,TEX,RP,740000
2024,Zach Penrod,BOS,RP,740000
2024,Luis Peralta,COL,RP,740000
2024,Sammy Peralta,CHW,RP,740000
2024,Angel Perdomo,ATL,RP,740000
2024,Jhonny Pereda,MIA,C,740000
2024,Wenceel Perez,DET,SS,740000
2024,Michael Petersen,MIA,RP,740000
2024,Connor Phillips,CIN,P,740000
2024,Tyler Phillips,PHI,SP,740000
2024,Riley Pint,COL,RP,740000
2024,Zach Pop,TOR,RP,740000
2024,Logan Porter,NYM,C,740000
2024,Cade Povich,BAL,SP,740000
2024,Nick Pratto,KC,1B,740000
2024,Quinn Priester,BOS,SP,740000
2024,Emmanuel Ramirez,TOR,RP,740000
2024,Nick Ramirez,LAD,RP,740000
2024,Bryan Ramos,CHW,3B,740000
2024,Heliot Ramos,SF,LF,740000
2024,Nick Raposo,TOR,C,740000
2024,Jakson Reetz,SF,C,740000
2024,Zach Remillard,CHW,3B,740000
2024,Gerardo Reyes,OAK,RP,740000
2024,Sean Reynolds,SD,RP,740000
2024,Orlando Ribalta,WSH,RP,740000
2024,Ben Rice,NYY,C,740000
2024,Lyon Richardson,CIN,RP,740000
2024,Leonardo Rivas,SEA,2B,740000
2024,Emmanuel Rivera,BAL,3B,740000
2024,Christian Roa,CIN,SP,740000
2024,Daniel Robert,TEX,RP,740000
2024,Ethan Roberts,CHC,RP,740000
2024,Nick Robertson,TOR,RP,740000
2024,Chuckie Robinson,CHW,C,740000
2024,Victor Robles,SEA,RF,740000
2024,Kumar Rocker,TEX,SP,740000
2024,Carlos F. Rodriguez,MIL,SP,740000
2024,Johnathan Rodriguez,CLE,OF,740000
2024,Manuel Rodriguez,TB,RP/SU7,740000
2024,Randy Rodriguez,SF,RP,740000
2024,Josh Rogers,COL,SP/SP4,740000
2024,Chris Roller,MIL,OF,740000
2024,Drew Romo,COL,C,740000
2024,Eddie Rosario,ATL,LF,740000
2024,Kenny Rosenberg,LAA,SP,740000
2024,Landen Roupp,SF,RP,740000
2024,Chris Roycroft,STL,RP,740000
2024,Jackson Rutledge,WSH,SP,740000
2024,River Ryan,LAD,SP,740000
2024,Andrew Saalfrank,ARI,P,740000
2024,Blake Sabol,SF,C/RF,740000
2024,Erik Sabrowski,CLE,RP,740000
2024,Thomas Saggese,STL,SS,740000
2024,César Salazar,HOU,C,740000
2024,Eduardo Salazar,WSH,RP,740000
2024,Bryan Sammons,DET,SP,740000
2024,Ali Sanchez,MIA,C,740000
2024,Javier Sanoja,MIA,SS,740000
2024,Dennis Santana,PIT,RP,740000
2024,Tony Santillan,CIN,RP,740000
2024,Matt Sauer,NYY,RP,740000
2024,Casey Schmitt,SF,3B,740000
2024,Daniel Schneemann,CLE,SS,740000
2024,Max Schuemann,OAK,3B,740000
2024,Aaron Schunk,COL,3B,740000
2024,Spencer Schwellenbach,ATL,SP,740000
2024,Christian Scott,NYM,SP,740000
2024,Victor Scott II,STL,CF,740000
2024,Colin Selby,BAL,RP,740000
2024,Nick Senzel,CHW,3B,740000
2024,Austin Shenton,TB,3B,740000
2024,Chase Shugart,BOS,RP,740000
2024,Jared Shuster,CHW,RP,740000
2024,Paul Skenes,PIT,SP,740000
2024,Justin Slaten,BOS,RP,740000
2024,Burch Smith,BAL,RP,740000
2024,Cade Smith,CLE,RP,740000
2024,Dominic Smith,CIN,1B/LF,740000
2024,Kevin Smith,NYY,SS/3B,740000
2024,AJ Smith-Shawver,ATL,SP,740000
2024,Kirby Snead,SEA,RP,740000
2024,Tyler Soderstrom,OAK,1B,740000
2024,Nick Sogard,BOS,2B,740000
2024,Lenyn Sosa,CHW,2B/SS,740000
2024,Livan Soto,BAL,SS,740000
2024,Alex Speas,BOS,P,740000
2024,Mitch Spence,OAK,SP,740000
2024,Carson Spiers,CIN,RP,740000
2024,Justin Sterner,TB,RP,740000
2024,Cal Stevenson,PHI,OF,740000
2024,Kyle Stowers,MIA,CF,740000
2024,Peter Strzelecki,CLE,RP,740000
2024,Albert Suarez,BAL,SP,740000
2024,Brett Sullivan,SD,C,740000
2024,Trey Sweeney,DET,SS,740000
2024,Samad Taylor,SEA,SS,740000
2024,Troy Taylor,SEA,RP,740000
2024,José Tena,WSH,3B,740000
2024,Kai-Wei Teng,SF,P,740000
2024,Bryce Teodosio,LAA,OF,740000
2024,Keegan Thompson,CHC,RP,740000
2024,Drew Thorpe,CHW,SP,740000
2024,Jesus Tinoco,MIA,RP,740000
2024,Andrew Toles,LAD,RF,740000
2024,Taylor Trammell,NYY,OF,740000
2024,Chadwick Tromp,ATL,C,740000
2024,Cole Tucker,LAA,SS/RF,740000
2024,Tanner Tully,NYY,RP,740000
2024,Kyle Tyler,PHI,SP,740000
2024,Edwin Uceta,TB,RP,740000
2024,Giovanny Urshela,ATL,3B,740000
2024,Miguel Vargas,CHW,3B,740000
2024,Gus Varland,CHW,RP,740000
2024,Randy Vasquez,SD,SP,740000
2024,Luis Vazquez,CHC,SS,740000
2024,Anthony Veneziano,MIA,SP,740000
2024,Mark Vientos,NYM,3B,740000
2024,Ryan Vilade,DET,3B,740000
2024,Eli Villalobos,MIA,RP,740000
2024,David Villar,SF,3B,740000
2024,Darius Vines,ATL,SP,740000
2024,Jorbit Vivas,NYY,SS,740000
2024,Jason Vosler,SEA,3B,740000
2024,Eric Wagaman,LAA,1B,740000
2024,Will Wagner,TOR,2B,740000
2024,Hurston Waldrep,ATL,SP,740000
2024,Blake Walston,ARI,RP,740000
2024,Andrew Walters,CLE,RP,740000
2024,Donnie Walton,SF,SS,740000
2024,Andrew Wantz,LAA,RP,740000
2024,Will Warren,NYY,SP,740000
2024,Drew Waters,KC,OF,740000
2024,Davis Wendzel,CIN,3B,740000
2024,Hayden Wesneski,CHC,SP,740000
2024,Jamie Westbrook,BOS,2B,740000
2024,Shay Whitcomb,HOU,SS,740000
2024,Brendan White,DET,RP,740000
2024,Eli White,ATL,OF,740000
2024,Owen White,TEX,RP,740000
2024,Forrest Whitley,HOU,RP,740000
2024,Joey Wiemer,CIN,CF,740000
2024,Luke Williams,ATL,SS,740000
2024,Amos Willingham,WSH,RP,740000
2024,Jacob Wilson,OAK,SS,740000
2024,Weston Wilson,PHI,1B,740000
2024,Allan Winans,ATL,RP,740000
2024,Cole Winn,TEX,RP,740000
2024,Brett Wisely,SF,2B,740000
2024,James Wood,WSH,LF,740000
2024,Jake Woodford,PIT,RP,740000
2024,Simeon Woods-Richardson,MIN,SP,740000
2024,Justin Wrobleski,LAD,SP,740000
2024,Eric Yang,CIN,C,740000
2024,Juan Yepez,WSH,1B,740000
2024,Nick Yorke,PIT,2B,740000
2024,Danny Young,NYM,RP,740000
2024,Jacob Young,WSH,CF,740000
2024,Rob Zastryzny,MIL,RP,740000
2024,Ryan Zeferjahn,LAA,RP,740000
2024,Tyler Zuber,NYM,RP,740000
2024,Yosver Zulueta,CIN,RP,740000
2024,Brett de Geus,TOR,RP,740000
2024,Carson Kelly,TEX,C,720000
